<?xml version="1.0"?>
<SSNExportDocument xmlns="urn:com:ssn:schema:export:SSNExportFormat.xsd" Version="0.1" DocumentID="0c7a8349-2fa2-4fce-a677-f5ccf7a2e497-1" ExportID="0c7a8349-2fa2-4fce-a677-f5ccf7a2e497" JobID="3844800" RunID="29823571" CreationTime="2018-01-21T03:51:19.297-05:00" StartTime="2018-01-20T00:00:00.000-05:00" EndTime="2018-01-21T00:00:00.000-05:00">
	<MeterData MeterName="D117384260" UtilDeviceID="D117384260" MacID="00:13:50:01:01:59:24:c3">
		<EventData StartTime="2018-01-20T00:00:00.000-05:00" EndTime="2018-01-21T00:00:00.000-05:00" NumberEvents="1">
			<Event EventName="C1219_UPDATE_LIST_POINTERS" EventTime="2018-01-20T20:05:34.000-05:00">Updated list pointers for device 00:13:50:01:01:59:24:c3 For Tables Load Profile 1 (Table 64)</Event>
		</EventData>
	</MeterData>
	<MeterData MeterName="G158630344" UtilDeviceID="G158630344" MacID="00:13:50:03:00:32:3c:5f">
		<EventData StartTime="2018-01-20T00:00:00.000-05:00" EndTime="2018-01-21T00:00:00.000-05:00" NumberEvents="19">
			<Event EventName="NIC_POWER_RESTORE" EventTime="2018-01-20T20:27:30.000-05:00">NIC Power Restore Trap Received from device: 00:13:50:03:00:32:3c:5f, Reboot Count: 7249, NIC timestamp: Jan 20, 2018 - 08:27:30 PM EST, Received Timestamp: Jan 20, 2018 - 08:27:31 PM EST, Power Restoration Timestamp: Jan 20, 2018 - 08:26:47 PM EST, State: 16</Event>
			<Event EventName="NIC_POWER_RESTORE" EventTime="2018-01-20T20:30:18.000-05:00">NIC Power Restore Trap Received from device: 00:13:50:03:00:32:3c:5f, Reboot Count: 7250, NIC timestamp: Jan 20, 2018 - 08:30:18 PM EST, Received Timestamp: Jan 20, 2018 - 08:30:19 PM EST, Power Restoration Timestamp: Jan 20, 2018 - 08:29:04 PM EST, State: 16</Event>
			<Event EventName="NIC_POWER_RESTORE" EventTime="2018-01-20T20:31:29.000-05:00">NIC Power Restore Trap Received from device: 00:13:50:03:00:32:3c:5f, Reboot Count: 7251, NIC timestamp: Jan 20, 2018 - 08:31:29 PM EST, Received Timestamp: Jan 20, 2018 - 08:31:30 PM EST, Power Restoration Timestamp: Jan 20, 2018 - 08:31:22 PM EST, State: 16</Event>
			<Event EventName="NIC_POWER_RESTORE" EventTime="2018-01-20T20:32:05.000-05:00">NIC Power Restore Trap Received from device: 00:13:50:03:00:32:3c:5f, Reboot Count: 7251, NIC timestamp: Jan 20, 2018 - 08:32:05 PM EST, Received Timestamp: Jan 20, 2018 - 08:32:06 PM EST, Power Restoration Timestamp: Jan 20, 2018 - 08:31:21 PM EST, State: 16</Event>
			<Event EventName="NIC_POWER_RESTORE" EventTime="2018-01-20T20:34:28.000-05:00">NIC Power Restore Trap Received from device: 00:13:50:03:00:32:3c:5f, Reboot Count: 7252, NIC timestamp: Jan 20, 2018 - 08:34:28 PM EST, Received Timestamp: Jan 20, 2018 - 08:34:29 PM EST, Power Restoration Timestamp: Jan 20, 2018 - 08:33:39 PM EST, State: 16</Event>
			<Event EventName="NIC_POWER_RESTORE" EventTime="2018-01-20T20:36:44.000-05:00">NIC Power Restore Trap Received from device: 00:13:50:03:00:32:3c:5f, Reboot Count: 7253, NIC timestamp: Jan 20, 2018 - 08:36:44 PM EST, Received Timestamp: Jan 20, 2018 - 08:36:45 PM EST, Power Restoration Timestamp: Jan 20, 2018 - 08:35:56 PM EST, State: 16</Event>
			<Event EventName="NIC_POWER_RESTORE" EventTime="2018-01-20T20:39:26.000-05:00">NIC Power Restore Trap Received from device: 00:13:50:03:00:32:3c:5f, Reboot Count: 7254, NIC timestamp: Jan 20, 2018 - 08:39:26 PM EST, Received Timestamp: Jan 20, 2018 - 08:39:27 PM EST, Power Restoration Timestamp: Jan 20, 2018 - 08:38:13 PM EST, State: 16</Event>
			<Event EventName="NIC_POWER_RESTORE" EventTime="2018-01-20T20:40:38.000-05:00">NIC Power Restore Trap Received from device: 00:13:50:03:00:32:3c:5f, Reboot Count: 7255, NIC timestamp: Jan 20, 2018 - 08:40:38 PM EST, Received Timestamp: Jan 20, 2018 - 08:40:38 PM EST, Power Restoration Timestamp: Jan 20, 2018 - 08:40:31 PM EST, State: 16</Event>
			<Event EventName="NIC_POWER_RESTORE" EventTime="2018-01-20T20:41:17.000-05:00">NIC Power Restore Trap Received from device: 00:13:50:03:00:32:3c:5f, Reboot Count: 7255, NIC timestamp: Jan 20, 2018 - 08:41:17 PM EST, Received Timestamp: Jan 20, 2018 - 08:41:18 PM EST, Power Restoration Timestamp: Jan 20, 2018 - 08:40:30 PM EST, State: 16</Event>
			<Event EventName="NIC_POWER_RESTORE" EventTime="2018-01-20T20:44:02.000-05:00">NIC Power Restore Trap Received from device: 00:13:50:03:00:32:3c:5f, Reboot Count: 7256, NIC timestamp: Jan 20, 2018 - 08:44:02 PM EST, Received Timestamp: Jan 20, 2018 - 08:44:04 PM EST, Power Restoration Timestamp: Jan 20, 2018 - 08:42:47 PM EST, State: 16</Event>
			<Event EventName="NIC_POWER_RESTORE" EventTime="2018-01-20T20:45:12.000-05:00">NIC Power Restore Trap Received from device: 00:13:50:03:00:32:3c:5f, Reboot Count: 7257, NIC timestamp: Jan 20, 2018 - 08:45:12 PM EST, Received Timestamp: Jan 20, 2018 - 08:45:12 PM EST, Power Restoration Timestamp: Jan 20, 2018 - 08:45:05 PM EST, State: 16</Event>
			<Event EventName="NIC_POWER_RESTORE" EventTime="2018-01-20T20:45:51.000-05:00">NIC Power Restore Trap Received from device: 00:13:50:03:00:32:3c:5f, Reboot Count: 7257, NIC timestamp: Jan 20, 2018 - 08:45:51 PM EST, Received Timestamp: Jan 20, 2018 - 08:45:52 PM EST, Power Restoration Timestamp: Jan 20, 2018 - 08:45:05 PM EST, State: 16</Event>
			<Event EventName="NIC_POWER_RESTORE" EventTime="2018-01-20T20:47:29.000-05:00">NIC Power Restore Trap Received from device: 00:13:50:03:00:32:3c:5f, Reboot Count: 7258, NIC timestamp: Jan 20, 2018 - 08:47:29 PM EST, Received Timestamp: Jan 20, 2018 - 08:47:29 PM EST, Power Restoration Timestamp: Jan 20, 2018 - 08:47:23 PM EST, State: 16</Event>
			<Event EventName="NIC_POWER_RESTORE" EventTime="2018-01-20T20:52:04.000-05:00">NIC Power Restore Trap Received from device: 00:13:50:03:00:32:3c:5f, Reboot Count: 7260, NIC timestamp: Jan 20, 2018 - 08:52:04 PM EST, Received Timestamp: Jan 20, 2018 - 08:52:04 PM EST, Power Restoration Timestamp: Jan 20, 2018 - 08:51:58 PM EST, State: 16</Event>
			<Event EventName="NIC_POWER_RESTORE" EventTime="2018-01-20T20:52:41.000-05:00">NIC Power Restore Trap Received from device: 00:13:50:03:00:32:3c:5f, Reboot Count: 7260, NIC timestamp: Jan 20, 2018 - 08:52:41 PM EST, Received Timestamp: Jan 20, 2018 - 08:52:42 PM EST, Power Restoration Timestamp: Jan 20, 2018 - 08:51:56 PM EST, State: 16</Event>
			<Event EventName="NIC_POWER_RESTORE" EventTime="2018-01-20T20:54:21.000-05:00">NIC Power Restore Trap Received from device: 00:13:50:03:00:32:3c:5f, Reboot Count: 7261, NIC timestamp: Jan 20, 2018 - 08:54:21 PM EST, Received Timestamp: Jan 20, 2018 - 08:54:21 PM EST, Power Restoration Timestamp: Jan 20, 2018 - 08:54:15 PM EST, State: 16</Event>
			<Event EventName="NIC_POWER_RESTORE" EventTime="2018-01-20T20:56:39.000-05:00">NIC Power Restore Trap Received from device: 00:13:50:03:00:32:3c:5f, Reboot Count: 7262, NIC timestamp: Jan 20, 2018 - 08:56:39 PM EST, Received Timestamp: Jan 20, 2018 - 08:56:40 PM EST, Power Restoration Timestamp: Jan 20, 2018 - 08:56:33 PM EST, State: 16</Event>
			<Event EventName="NIC_POWER_RESTORE" EventTime="2018-01-20T21:00:09.000-05:00">NIC Power Restore Trap Received from device: 00:13:50:03:00:32:3c:5f, Reboot Count: 7263, NIC timestamp: Jan 20, 2018 - 09:00:09 PM EST, Received Timestamp: Jan 20, 2018 - 09:00:10 PM EST, Power Restoration Timestamp: Jan 20, 2018 - 08:58:48 PM EST, State: 16</Event>
			<Event EventName="NIC_POWER_RESTORE" EventTime="2018-01-20T21:01:14.000-05:00">NIC Power Restore Trap Received from device: 00:13:50:03:00:32:3c:5f, Reboot Count: 7264, NIC timestamp: Jan 20, 2018 - 09:01:14 PM EST, Received Timestamp: Jan 20, 2018 - 09:01:14 PM EST, Power Restoration Timestamp: Jan 20, 2018 - 09:01:07 PM EST, State: 16</Event>
		</EventData>
	</MeterData>
	<MeterData MeterName="0x57F733033162FFF4" UtilDeviceID="0x57F733033162FFF4" MacID="00:13:50:03:00:51:31:f4">
		<EventData StartTime="2018-01-20T00:00:00.000-05:00" EndTime="2018-01-21T00:00:00.000-05:00" NumberEvents="3">
			<Event EventName="EL_EVENT_STLT_CYCLING" EventTime="2018-01-20T07:06:53.000-05:00">Indicates the lamp is constantly switching ON and OFF in an unexpected manner. Alarm Status - DeAsserted</Event>
			<Event EventName="EL_EVENT_STLT_CYCLING" EventTime="2018-01-20T17:41:25.000-05:00">Indicates the lamp is constantly switching ON and OFF in an unexpected manner. Alarm Status - Asserted</Event>
			<Event EventName="EL_EVENT_STLT_CYCLING" EventTime="2018-01-20T17:41:25.000-05:00">Indicates the lamp is constantly switching ON and OFF in an unexpected manner. Alarm Status - Asserted</Event>
		</EventData>
	</MeterData>
	<MeterData MeterName="A0466668" UtilDeviceID="A0466668" MacID="00:13:50:05:00:32:25:2a">
		<EventData StartTime="2018-01-20T00:00:00.000-05:00" EndTime="2018-01-21T00:00:00.000-05:00" NumberEvents="3">
			<Event EventName="EL_EVENT_SL_STATUS" EventTime="2018-01-20T07:03:59.000-05:00">Streetlight Status change detected. Status = OK, Dimming Value = 100 %, Current = 0 A, Dimming Info - Status: OK , Relay Info = State: Off, Status: OK, Streetlight Command Reason = Sensor</Event>
			<Event EventName="EL_EVENT_SL_STATUS" EventTime="2018-01-20T17:33:54.000-05:00">Streetlight Status change detected. Status = OK, Dimming Value = 100 %, Current = 0 A, Dimming Info - Status: OK , Relay Info = State: On, Status: OK, Streetlight Command Reason = Sensor</Event>
			<Event EventName="EL_EVENT_SL_STATUS" EventTime="2018-01-20T17:33:54.000-05:00">Streetlight Status change detected. Status = OK, Dimming Value = 100 %, Current = 0 A, Dimming Info - Status: OK , Relay Info = State: On, Status: OK, Streetlight Command Reason = Sensor</Event>
		</EventData>
	</MeterData>
</SSNExportDocument>